{   "parent": "block/block",
    "ambientocclusion": false,
    "textures": {
        "particle": "block/cactus_side",
        "bottom": "block/cactus_bottom",
        "top": "block/cactus_top",
        "side": "block/cactus_side",
        "flower": "block/cactus_flower",
        "flower2": "block/flower"
    },
    "elements": [
        {   "from": [ 0, 0, 0 ],
            "to": [ 16, 16, 16 ],
            "faces": {
                "down": { "uv": [ 0, 0, 16, 16 ], "texture": "#bottom", "cullface": "down" },
                "up":   { "uv": [ 0, 0, 16, 16 ], "texture": "#top", "cullface": "up" }
            }
        },
        {   "from": [ 0, 0, 1 ],
            "to": [ 16, 16, 15 ],
            "faces": {
                "north": { "uv": [ 0, 0, 16, 16 ], "texture": "#side" },
                "south": { "uv": [ 0, 0, 16, 16 ], "texture": "#side" }
            }
        },
        {   "from": [ 1, 0, 0 ],
            "to": [ 15, 16, 16 ],
            "faces": {
                "west": { "uv": [ 0, 0, 16, 16 ], "texture": "#side" },
                "east": { "uv": [ 0, 0, 16, 16 ], "texture": "#side" }
            }
        },
        {   "from": [ 0.8, 16, 8 ],
            "to": [ 15.2, 32, 8 ],
            "rotation": { "origin": [ 8, 24, 8 ], "axis": "y", "angle": 45 },
            "shade": false,
            "faces": {
                "north": { "uv": [ 16, 0, 0, 16 ], "texture": "#flower2" },
                "south": { "uv": [ 0, 0, 16, 16 ], "texture": "#flower2" }
            }
        },
        {   "from": [ 8, 16, 0.8 ],
            "to": [ 8, 32, 15.2 ],
            "rotation": { "origin": [ 8, 24, 8 ], "axis": "y", "angle": 45},
            "shade": false,
            "faces": {
                "west": { "uv": [ 0, 0, 16, 16 ], "texture": "#flower2" },
                "east": { "uv": [ 16, 0, 0, 16 ], "texture": "#flower2" }
            }
        },
        {   "from": [ 0.8, 16, 8 ],
            "to": [ 15.2, 32, 8 ],
            "shade": false,
            "faces": {
                "north": { "uv": [ 16, 0, 0, 16 ], "texture": "#flower2" },
                "south": { "uv": [ 0, 0, 16, 16 ], "texture": "#flower2" }
            }
        },
        {   "from": [ 8, 16, 0.8 ],
            "to": [ 8, 32, 15.2 ],
            "shade": false,
            "faces": {
                "west": { "uv": [ 0, 0, 16, 16 ], "texture": "#flower2" },
                "east": { "uv": [ 16, 0, 0, 16 ], "texture": "#flower2" }
            }
        },
        {   "from": [ 5, 21.75, 5 ],
            "to": [ 11, 21.75, 11 ],
            "faces": {
                "down": { "uv": [ 3, 7, 9, 13 ], "texture": "#flower", "cullface": "up" },
                "up":   { "uv": [ 3, 7, 9, 13 ], "texture": "#flower", "cullface": "up" }
            }
        }
    ]
}
