{
    "ambientocclusion": true,
    "textures": {
        "particle": "blocks/wool_colored_black",
        "base": "blocks/wool_colored_black"
    },
    "elements": [
        {   "from": [  0, 16,  0 ],
            "to":   [ 16, 18, 16 ],
            "shade":true,
            "faces": {
                "down":  { "uv": [  0,  0,  16, 16 ], "texture": "#base", "cullface": "down"  },
                "up":    { "uv": [  0,  0,  16, 16 ], "texture": "#base", "cullface": "up"  },
                "north": { "uv": [  0, 14,  16, 16 ], "texture": "#base", "cullface": "north"  },
                "south": { "uv": [  0, 14,  16, 16 ], "texture": "#base", "cullface": "south"  },
                "west":  { "uv": [  0, 14,  16, 16 ], "texture": "#base", "cullface": "west"  },
                "east":  { "uv": [  0, 14,  16, 16 ], "texture": "#base", "cullface": "east"  }
            }
        },
        {   "from": [  4, 16,  4 ],
            "to":   [ 12, 32, 12 ],
            "shade":true,
            "faces": {
                "down":  { "uv": [  4,  4,  12, 12 ], "texture": "#base", "cullface": "down"  },
                "up":    { "uv": [  4,  4,  12, 12 ], "texture": "#base", "cullface": "up"  },
                "north": { "uv": [  4,  0,  12, 16 ], "texture": "#base", "cullface": "north"  },
                "south": { "uv": [  4,  0,  12, 16 ], "texture": "#base", "cullface": "south"  },
                "west":  { "uv": [  4,  0,  12, 16 ], "texture": "#base", "cullface": "west"  },
                "east":  { "uv": [  4,  0,  12, 16 ], "texture": "#base", "cullface": "east"  }
            }
        }
    ]
}