{
    "ambientocclusion": false,
    "textures": {
        "particle": "blocks/stone",
        "base": "blocks/statue2",
        "extra": "blocks/stone"
    },
    "elements": [
        {   "from": [  4, 24,  4 ],
            "to":   [ 12, 32, 12 ],
            "shade":true,
            "faces": {
                "down":  { "uv": [  4,  0,   6,  2 ], "texture": "#base", "cullface": "up"  },
                "up":    { "uv": [  2,  0,   4,  2 ], "texture": "#base", "cullface": "up"  },
                "north": { "uv": [  0,  2,   2,  4 ], "texture": "#base", "cullface": "up"  },
                "south": { "uv": [  4,  2,   6,  4 ], "texture": "#base", "cullface": "up"  },
                "west":  { "uv": [  2,  2,   4,  4 ], "texture": "#base", "cullface": "up"  },
                "east":  { "uv": [  6,  2,   8,  4 ], "texture": "#base", "cullface": "up"  }
            }
        },
        {   "from": [  6, 12,  4 ],
            "to":   [ 10, 24, 12 ],
            "shade":true,
            "faces": {
                "down":  { "uv": [  7,  4,   9,  5 ], "texture": "#base", "cullface": "up"  },
                "up":    { "uv": [  5,  4,   7,  5 ], "texture": "#base", "cullface": "up"  },
                "north": { "uv": [  4,  5,   5,  8 ], "texture": "#base", "cullface": "up"  },
                "south": { "uv": [  7,  5,   8,  8 ], "texture": "#base", "cullface": "up"  },
                "west":  { "uv": [  5,  5,   7,  8 ], "texture": "#base", "cullface": "up"  },
                "east":  { "uv": [  8,  5,  10,  8 ], "texture": "#base", "cullface": "up"  }
            }
        },
        {   "from": [  6, 12,  1 ],
            "to":   [ 10, 24,  4 ],
            "rotation": {
                "origin": [ 8,22, 2 ],
                "axis": "z",
                "angle": -45
                },
            "shade":true,
            "faces": {
                "down":  { "uv": [ 11.75,  4,   12.5,  5 ], "texture": "#base", "cullface": "up", "rotation":90  },
                "up":    { "uv": [    11,  4,  11.75,  5 ], "texture": "#base", "cullface": "up"  },
                "north": { "uv": [    10,  5,     11,  8 ], "texture": "#base", "cullface": "up"  },
                "south": { "uv": [ 11.75,  5,  12.75,  8 ], "texture": "#base", "cullface": "up"  },
                "west":  { "uv": [    11,  5,  11.75,  8 ], "texture": "#base", "cullface": "up"  },
                "east":  { "uv": [ 12.75,  5,   13.5,  8 ], "texture": "#base", "cullface": "up"  }
            }
        },
        {   "from": [  6, 12, 12 ],
            "to":   [ 10, 24, 15 ],
            "rotation": {
                "origin": [ 8,22, 2 ],
                "axis": "z",
                "angle": -45
                },
            "shade":true,
            "faces": {
                "down":  { "uv": [  9.75, 12,   10.5, 13 ], "texture": "#base", "cullface": "up", "rotation":90  },
                "up":    { "uv": [     9, 12,   9.75, 13 ], "texture": "#base", "cullface": "up"  },
                "north": { "uv": [     8, 13,      9, 16 ], "texture": "#base", "cullface": "up"  },
                "south": { "uv": [  9.75, 13,  10.75, 16 ], "texture": "#base", "cullface": "up"  },
                "west":  { "uv": [     9, 13,   9.75, 16 ], "texture": "#base", "cullface": "up"  },
                "east":  { "uv": [ 10.75, 13,   11.5, 16 ], "texture": "#base", "cullface": "up"  }
            }
        },
        {   "from": [  6,  0,  4 ],
            "to":   [ 10, 12,  8 ],
            "shade":true,
            "faces": {
                "down":  { "uv": [  2,  4,   3,  5 ], "texture": "#base", "cullface": "up"  },
                "up":    { "uv": [  1,  4,   2,  5 ], "texture": "#base", "cullface": "up"  },
                "north": { "uv": [  0,  5,   1,  8 ], "texture": "#base", "cullface": "up"  },
                "south": { "uv": [  2,  5,   3,  8 ], "texture": "#base", "cullface": "up"  },
                "west":  { "uv": [  1,  5,   2,  8 ], "texture": "#base", "cullface": "up"  },
                "east":  { "uv": [  3,  5,   4,  8 ], "texture": "#base", "cullface": "up"  }
            }
        },
        {   "from": [  6,  0,  8 ],
            "to":   [ 10, 12, 12 ],
            "shade":true,
            "faces": {
                "down":  { "uv": [  3,  4,   2,  5 ], "texture": "#base", "cullface": "up"  },
                "up":    { "uv": [  2,  4,   1,  5 ], "texture": "#base", "cullface": "up"  },
                "north": { "uv": [  3,  5,   2,  8 ], "texture": "#base", "cullface": "up"  },
                "south": { "uv": [  5, 13,   4, 16 ], "texture": "#base", "cullface": "up"  },
                "west":  { "uv": [  2,  5,   1,  8 ], "texture": "#base", "cullface": "up"  },
                "east":  { "uv": [  4,  5,   3,  8 ], "texture": "#base", "cullface": "up"  }
            }
        }
    ]
}