{
    "ambientocclusion": true,
    "textures": {
        "particle": "block/iron_block",
        "glass": "block/glass_old",
        "side": "block/iron_block",
        "under": "block/sea_lantern"
    },
    "elements": [
        {   "from": [  0, 16,  0 ],
            "to":   [ 16, 32, 16 ],
            "shade":true,
            "faces": {
                "up":    { "uv": [  0,  0,  16, 16 ], "texture": "#glass", "cullface": "up"  },
                "north": { "uv": [  0,  0,  16, 16 ], "texture": "#glass", "cullface": "north"  },
                "south": { "uv": [  0,  0,  16, 16 ], "texture": "#glass", "cullface": "south"  },
                "west":  { "uv": [  0,  0,  16, 16 ], "texture": "#glass", "cullface": "west"  },
                "east":  { "uv": [  0,  0,  16, 16 ], "texture": "#glass", "cullface": "east"  }
            }
        },
        {   "from": [-10,  0,-10 ],
            "to":   [ 26, 16, 26 ],
            "shade":true,
            "faces": {
                "down":  { "uv": [  0,  0,  16, 16 ], "texture": "#under", "cullface": "down"  },
                "up":    { "uv": [  0,  0,  16, 16 ], "texture": "#side", "cullface": "up"  },
                "north": { "uv": [  0,  0,  16, 16 ], "texture": "#side", "cullface": "north"  },
                "south": { "uv": [  0,  0,  16, 16 ], "texture": "#side", "cullface": "south"  },
                "west":  { "uv": [  0,  0,  16, 16 ], "texture": "#side", "cullface": "west"  },
                "east":  { "uv": [  0,  0,  16, 16 ], "texture": "#side", "cullface": "east"  }
            }
        }
    ]
}