{
	"variants": {
		"facing=east,half=bottom,shape=straight":  { "model": "statue1" },
        "facing=west,half=bottom,shape=straight":  { "model": "statue1", "y": 180, "uvlock": false },
        "facing=south,half=bottom,shape=straight": { "model": "statue1", "y": 90, "uvlock": false },
        "facing=north,half=bottom,shape=straight": { "model": "statue1", "y": 270, "uvlock": false },


        "facing=east,half=bottom,shape=outer_right":  { "model": "statue1b", "y":  90 },
        "facing=west,half=bottom,shape=outer_right":  { "model": "statue1b", "y": 270 },
        "facing=south,half=bottom,shape=outer_right": { "model": "statue1b", "y": 180 },
        "facing=north,half=bottom,shape=outer_right": { "model": "statue1b", "y":   0 },

        "facing=east,half=bottom,shape=outer_left":   { "model": "statue1b", "y":   0 },
        "facing=west,half=bottom,shape=outer_left":   { "model": "statue1b", "y": 180 },
        "facing=south,half=bottom,shape=outer_left":  { "model": "statue1b", "y":  90 },
        "facing=north,half=bottom,shape=outer_left":  { "model": "statue1b", "y": 270 },

        "facing=east,half=bottom,shape=inner_right":  { "model": "statue1b", "y":  90 },
        "facing=west,half=bottom,shape=inner_right":  { "model": "statue1b", "y": 270 },
        "facing=south,half=bottom,shape=inner_right": { "model": "statue1b", "y": 180 },
        "facing=north,half=bottom,shape=inner_right": { "model": "statue1b", "y":   0 },

        "facing=east,half=bottom,shape=inner_left":   { "model": "statue1b", "y":   0 },
        "facing=west,half=bottom,shape=inner_left":   { "model": "statue1b", "y": 180 },
        "facing=south,half=bottom,shape=inner_left":  { "model": "statue1b", "y":  90 },
        "facing=north,half=bottom,shape=inner_left":  { "model": "statue1b", "y": 270 },



        "facing=east,half=top,shape=straight":  { "model": "statue2" },
        "facing=west,half=top,shape=straight":  { "model": "statue2", "y": 180, "uvlock": false },
        "facing=south,half=top,shape=straight": { "model": "statue2", "y": 90, "uvlock": false },
        "facing=north,half=top,shape=straight": { "model": "statue2", "y": 270, "uvlock": false },

        "facing=east,half=top,shape=outer_right":  { "model": "statue2b", "y":   0 },
        "facing=west,half=top,shape=outer_right":  { "model": "statue2b", "y": 180 },
        "facing=south,half=top,shape=outer_right": { "model": "statue2b", "y":  90 },
        "facing=north,half=top,shape=outer_right": { "model": "statue2b", "y": 270 },

        "facing=east,half=top,shape=outer_left":   { "model": "statue2b", "y":  90 },
        "facing=west,half=top,shape=outer_left":   { "model": "statue2b", "y": 270 },
        "facing=south,half=top,shape=outer_left":  { "model": "statue2b", "y": 180 },
        "facing=north,half=top,shape=outer_left":  { "model": "statue2b", "y":   0 },

        "facing=east,half=top,shape=inner_right":  { "model": "statue2b", "y":   0 },
        "facing=west,half=top,shape=inner_right":  { "model": "statue2b", "y": 180 },
        "facing=south,half=top,shape=inner_right": { "model": "statue2b", "y":  90 },
        "facing=north,half=top,shape=inner_right": { "model": "statue2b", "y": 270 },

        "facing=east,half=top,shape=inner_left":   { "model": "statue2b", "y":  90 },
        "facing=west,half=top,shape=inner_left":   { "model": "statue2b", "y": 270 },
        "facing=south,half=top,shape=inner_left":  { "model": "statue2b", "y": 180 },
        "facing=north,half=top,shape=inner_left":  { "model": "statue2b", "y":   0 }
    }
}