{
    "textures": {
        "particle": "item/blaze_rod",
        "all": "entity/infernobody"
    },
    "display": {
        "head": {
            "rotation": [ 0, 0, 0 ],
            "translation": [ 0, 0, 0],
            "scale": [ 1.6, 1.6, 1.6 ]
        },
        "gui": {
            "rotation": [ 0, 0, 0 ],
            "translation": [ 0, 0, 0],
            "scale": [ 1, 1, 1 ]
        },
        "ground": {
            "rotation": [ 0, 0, 0 ],
            "translation": [ 0, 0, 0],
            "scale": [ 1.0, 1.0, 1.0 ]
        },
        "fixed": {
            "rotation": [ 0, 0, 0 ],
            "translation": [ 0, 16, 50],
            "scale":[ 1.0, 1.0, 1.0 ]
        },
        "thirdperson_righthand": {
            "rotation": [ 0, 0, 0 ],
            "translation": [ 0, 0, 0],
            "scale": [ 1.0, 1.0, 1.0 ]
        },
        "firstperson_righthand": {
            "rotation": [ 0, 0, 0 ],
            "translation": [ 0, 0, 0],
            "scale": [ 1.0, 1.0, 1.0 ]
        },
        "firstperson_lefthand": {
            "rotation": [ 0, 0, 0 ],
            "translation": [ 0, 0, 0],
            "scale": [ 1.0, 1.0, 1.0 ]
        }
    },
    "elements": [
        {   "from": [   1.5,  -9,  26 ],
            "to":   [  14.5,  10,  28 ],
            "rotation": {
                "origin": [8,0.5,27],
                "axis": "x",
                "angle": -22.5
            },
            "faces": {
                "down":  { "uv": [  4,  8.5,  8.5,  9.5 ], "texture": "#all", "cullface": "down" },
                "up":    { "uv": [  4,  0,   8.5,  1 ], "texture": "#all", "cullface": "up" },
                "north": { "uv": [  4,  1,   8.5,  8.5 ], "texture": "#all", "cullface": "north" },
                "south": { "uv": [  9.5,  1,  14,  8.5 ], "texture": "#all", "cullface": "south" },
                "west":  { "uv": [  8.5,  1,  9.5,  8.5 ], "texture": "#all", "cullface": "west" },
                "east":  { "uv": [  3,  1,   4,  8.5 ], "texture": "#all", "cullface": "east" }
            }
        },
        {   "from": [   26,  -9,  1.5 ],
            "to":   [   28,  10,  14.5 ],
            "rotation": {
                "origin": [27,0.5,8],
                "axis": "z",
                "angle": 22.5
            },
            "faces": {
                "down":  { "uv": [  8.5,  8.5,  9.5,  4 ], "texture": "#all", "cullface": "down" },
                "up":    { "uv": [  0,  8.5,   1,  4 ], "texture": "#all", "cullface": "up" },
                "west": { "uv": [  4,  1,   8.5,  8.5 ], "texture": "#all", "cullface": "north" },
                "east": { "uv": [  9.5,  1,  14,  8.5 ], "texture": "#all", "cullface": "south" },
                "south":  { "uv": [  8.5,  1,  9.5,  8.5 ], "texture": "#all", "cullface": "west" },
                "north":  { "uv": [  3,  1,   4,  8.5 ], "texture": "#all", "cullface": "east" }
            }
        },
        {   "from": [   14.5,  -9,  -10 ],
            "to":   [    1.5,  10,  -12 ],
            "rotation": {
                "origin": [8,0.5,-11],
                "axis": "x",
                "angle": 22.5
            },
            "faces": {
                "down":  { "uv": [  4,  8.5,  8.5,  9.5 ], "texture": "#all", "cullface": "down" },
                "up":    { "uv": [  4,  0,   8.5,  1 ], "texture": "#all", "cullface": "up" },
                "north": { "uv": [  4,  1,   8.5,  8.5 ], "texture": "#all", "cullface": "north" },
                "south": { "uv": [  9.5,  1,  14,  8.5 ], "texture": "#all", "cullface": "south" },
                "west":  { "uv": [  8.5,  1,  9.5,  8.5 ], "texture": "#all", "cullface": "west" },
                "east":  { "uv": [  3,  1,   4,  8.5 ], "texture": "#all", "cullface": "east" }
            }
        },
        {   "from": [   -10,  -9,  14.5 ],
            "to":   [   -12,  10,  1.5 ],
            "rotation": {
                "origin": [-11,0.5,8],
                "axis": "z",
                "angle": -22.5
            },
            "faces": {
                "down":  { "uv": [  8.5,  8.5,  9.5,  4 ], "texture": "#all", "cullface": "down" },
                "up":    { "uv": [  0,  8.5,   1,  4 ], "texture": "#all", "cullface": "up" },
                "west": { "uv": [  4,  1,   8.5,  8.5 ], "texture": "#all", "cullface": "north" },
                "east": { "uv": [  9.5,  1,  14,  8.5 ], "texture": "#all", "cullface": "south" },
                "south":  { "uv": [  8.5,  1,  9.5,  8.5 ], "texture": "#all", "cullface": "west" },
                "north":  { "uv": [  3,  1,   4,  8.5 ], "texture": "#all", "cullface": "east" }
            }
        }
    ]
}
