{
    "display": {
        "ground": {
            "rotation": [ 0, 0, 0 ],
            "translation": [ 0, 10, 0],
            "scale":[ 0.5, 0.5, 0.5 ]
        },
        "head": {
            "rotation": [ 0, 180, 0 ],
            "translation": [ 0, 13, 7],
            "scale":[ 1, 1, 1]
        },
        "thirdperson_righthand": {
            "rotation": [ 0, -90, 0 ],
            "translation": [ 0, 4.0, 0.5 ],
            "scale": [ 0.85, 0.85, 0.85 ]
        },
        "thirdperson_lefthand": {
            "rotation": [ 0, 90, 0 ],
            "translation": [ 0, 4.0, 0.5 ],
            "scale": [ 0.85, 0.85, 0.85 ]
        },
        "firstperson_righthand": {
            "rotation": [ 0, -90, 25 ],
            "translation": [ 1.13, 3.2, 1.13 ],
            "scale": [ 0.68, 0.68, 0.68 ]
        },
        "firstperson_lefthand": {
            "rotation": [ 0, 90, -25 ],
            "translation": [ 1.13, 3.2, 1.13 ],
            "scale": [ 0.68, 0.68, 0.68 ]
        },
        "fixed": {
            "rotation": [ 0, 180, 0 ],
            "scale": [ 1, 1, 1 ]
        },
        "gui": {
            "rotation": [ 0, 0, -45 ],
            "translation": [ 0, 0, 0 ],
            "scale": [ 0.4, 0.4, 0.4 ]
        }
    },
    "textures": {
        "head":   "item/arkonite_hammer_head",
        "handle": "item/crystal_hammer_handle",
        "pommel": "item/arkonite_pommel"
    },
    "elements": [
        {   "from": [  7.5,-12,  7.5 ],
            "to":   [  8.5,  4,  8.5 ],
            "rotation": {
                "origin": [8,8,8],
                "axis": "y",
                "angle": 45
            },
            "faces": {
                "down":  { "uv": [  4,  0,   5,  1 ], "texture": "#handle", "cullface": "up"  },
                "north": { "uv": [  0,  0,   1, 16 ], "texture": "#handle", "cullface": "up"  },
                "south": { "uv": [  2,  0,   3, 16 ], "texture": "#handle", "cullface": "up"  },
                "west":  { "uv": [  1,  0,   2, 16 ], "texture": "#handle", "cullface": "up"  },
                "east":  { "uv": [  3,  0,   4, 16 ], "texture": "#handle", "cullface": "up"  }
            }
        },
        {   "from": [  7, -3,  7 ],
            "to":   [  9, -2,  9 ],
            "rotation": {
                "origin": [8,8,8],
                "axis": "y",
                "angle": 45
            },
            "faces": {
                "up":    { "uv": [  4,  0,   5,  1 ], "texture": "#handle", "cullface": "up"  },
                "down":  { "uv": [  4,  0,   5,  1 ], "texture": "#handle", "cullface": "up"  },
                "north": { "uv": [  4,  0,   5,  1 ], "texture": "#handle", "cullface": "up"  },
                "south": { "uv": [  4,  0,   5,  1 ], "texture": "#handle", "cullface": "up"  },
                "west":  { "uv": [  4,  0,   5,  1 ], "texture": "#handle", "cullface": "up"  },
                "east":  { "uv": [  4,  0,   5,  1 ], "texture": "#handle", "cullface": "up"  }
            }
        },
        {   "from": [  7,  4.00,  7 ],
            "to":   [  9,  4.25,  9 ],
            "rotation": {
                "origin": [8,8,8],
                "axis": "y",
                "angle": 45
            },
            "faces": {
                "up":    { "uv": [  4,  0,   5,  1 ], "texture": "#handle", "cullface": "up"  },
                "down":  { "uv": [  4,  0,   5,  1 ], "texture": "#handle", "cullface": "up"  },
                "north": { "uv": [  4,  0,   5,  1 ], "texture": "#handle", "cullface": "up"  },
                "south": { "uv": [  4,  0,   5,  1 ], "texture": "#handle", "cullface": "up"  },
                "west":  { "uv": [  4,  0,   5,  1 ], "texture": "#handle", "cullface": "up"  },
                "east":  { "uv": [  4,  0,   5,  1 ], "texture": "#handle", "cullface": "up"  }
            }
        },
        {   "from": [  7.25,  4.25,  7.25 ],
            "to":   [  8.75,  9.00,  8.75 ],
            "rotation": {
                "origin": [8,8,8],
                "axis": "y",
                "angle": 45
            },
            "faces": {
                "up":    { "uv": [  4,  0,   5,  1 ], "texture": "#handle", "cullface": "up"  },
                "down":  { "uv": [  4,  0,   5,  1 ], "texture": "#handle", "cullface": "up"  },
                "north": { "uv": [  8,  0,  11,  3 ], "texture": "#handle", "cullface": "up"  },
                "south": { "uv": [  8,  0,  11,  3 ], "texture": "#handle", "cullface": "up"  },
                "west":  { "uv": [  5,  0,   8,  3 ], "texture": "#handle", "cullface": "up"  },
                "east":  { "uv": [  5,  0,   8,  3 ], "texture": "#handle", "cullface": "up"  }
            }
        },
        {   "from": [  7.75,  9,  7.75 ],
            "to":   [  8.25, 18,  8.25 ],
            "rotation": {
                "origin": [8,8,8],
                "axis": "y",
                "angle": 45
            },
            "faces": {
                "up":    { "uv": [  4,  0,   5,  1 ], "texture": "#handle", "cullface": "up"  },
                "down":  { "uv": [  4,  0,   5,  1 ], "texture": "#handle", "cullface": "up"  },
                "north": { "uv": [ 16,  9,  15,  0 ], "texture": "#handle", "cullface": "up"  },
                "south": { "uv": [ 16,  9,  15,  0 ], "texture": "#handle", "cullface": "up"  },
                "west":  { "uv": [ 15,  9,  16,  0 ], "texture": "#handle", "cullface": "up"  },
                "east":  { "uv": [ 15,  9,  16,  0 ], "texture": "#handle", "cullface": "up"  }
            }
        },
        {   "from": [  6,  9,  8 ],
            "to":   [ 10, 18,  8 ],
            "faces": {
                "south": { "uv": [ 15,  9,  11,  0 ], "texture": "#handle", "cullface": "up"  }
            }
        },
        {   "from": [  6, 18.0,  6 ],
            "to":   [ 10, 18.5, 10 ],
            "faces": {
                "north": { "uv": [  4,  0,   5,  1 ], "texture": "#handle", "cullface": "up"  },
                "south": { "uv": [  4,  0,   5,  1 ], "texture": "#handle", "cullface": "up"  },
                "west":  { "uv": [  4,  0,   5,  1 ], "texture": "#handle", "cullface": "up"  },
                "east":  { "uv": [  4,  0,   5,  1 ], "texture": "#handle", "cullface": "up"  }
            }
        },
        {   "from": [  5, 18.0,  6.25 ],
            "to":   [ 11, 18.5,  9.75 ],
            "faces": {
                "north": { "uv": [  4,  0,   5,  1 ], "texture": "#handle", "cullface": "up"  },
                "south": { "uv": [  4,  0,   5,  1 ], "texture": "#handle", "cullface": "up"  },
                "west":  { "uv": [  4,  0,   5,  1 ], "texture": "#handle", "cullface": "up"  },
                "east":  { "uv": [  4,  0,   5,  1 ], "texture": "#handle", "cullface": "up"  }
            }
        },
        {   "from": [  4, 18.0,  6.75 ],
            "to":   [ 12, 18.5,  9.25 ],
            "faces": {
                "north": { "uv": [  4,  0,   5,  1 ], "texture": "#handle", "cullface": "up"  },
                "south": { "uv": [  4,  0,   5,  1 ], "texture": "#handle", "cullface": "up"  },
                "west":  { "uv": [  4,  0,   5,  1 ], "texture": "#handle", "cullface": "up"  },
                "east":  { "uv": [  4,  0,   5,  1 ], "texture": "#handle", "cullface": "up"  }
            }
        },
        {   "from": [  3, 18.0,  7.25 ],
            "to":   [ 13, 18.5,  8.75 ],
            "faces": {
                "north": { "uv": [  4,  0,   5,  1 ], "texture": "#handle", "cullface": "up"  },
                "south": { "uv": [  4,  0,   5,  1 ], "texture": "#handle", "cullface": "up"  },
                "west":  { "uv": [  4,  0,   5,  1 ], "texture": "#handle", "cullface": "up"  },
                "east":  { "uv": [  4,  0,   5,  1 ], "texture": "#handle", "cullface": "up"  }
            }
        },
        {   "from": [  2, 18.0,  7.75 ],
            "to":   [ 14, 18.5,  8.25 ],
            "faces": {
                "north": { "uv": [  4,  0,   5,  1 ], "texture": "#handle", "cullface": "up"  },
                "south": { "uv": [  4,  0,   5,  1 ], "texture": "#handle", "cullface": "up"  },
                "west":  { "uv": [  4,  0,   5,  1 ], "texture": "#handle", "cullface": "up"  },
                "east":  { "uv": [  4,  0,   5,  1 ], "texture": "#handle", "cullface": "up"  }
            }
        },
        {   "from": [  2, 18.0,  6 ],
            "to":   [ 14, 18.5, 10 ],
            "faces": {
                "up":    { "uv": [  4,  9,  10, 11 ], "texture": "#handle", "cullface": "up"  },
                "down":  { "uv": [  4, 12,  16, 16 ], "texture": "#handle", "cullface": "up"  }
            }
        },
        {   "from": [  7, 17.75,  6.59 ],
            "to":   [  9, 18.25,  9.41 ],
            "rotation": {
                "origin": [8,22,8],
                "axis": "x",
                "angle": 45
            },
            "faces": {
                "up":    { "uv": [  4,  0,   5,  1 ], "texture": "#handle", "cullface": "up"  },
                "down":  { "uv": [  9,  9,   7,  6 ], "texture": "#handle", "cullface": "up"  },
                "north": { "uv": [  4,  0,   5,  1 ], "texture": "#handle", "cullface": "up"  },
                "south": { "uv": [  4,  0,   5,  1 ], "texture": "#handle", "cullface": "up"  },
                "west":  { "uv": [  4,  0,   5,  1 ], "texture": "#handle", "cullface": "up"  },
                "east":  { "uv": [  4,  0,   5,  1 ], "texture": "#handle", "cullface": "up"  }
            }
        },
        {   "from": [  7, 17.75,  6.59 ],
            "to":   [  9, 18.25,  9.41 ],
            "rotation": {
                "origin": [8,22,8],
                "axis": "x",
                "angle": -45
            },
            "faces": {
                "up":    { "uv": [  4,  0,   5,  1 ], "texture": "#handle", "cullface": "up"  },
                "down":  { "uv": [  7,  6,   9,  9 ], "texture": "#handle", "cullface": "up"  },
                "north": { "uv": [  4,  0,   5,  1 ], "texture": "#handle", "cullface": "up"  },
                "south": { "uv": [  4,  0,   5,  1 ], "texture": "#handle", "cullface": "up"  },
                "west":  { "uv": [  4,  0,   5,  1 ], "texture": "#handle", "cullface": "up"  },
                "east":  { "uv": [  4,  0,   5,  1 ], "texture": "#handle", "cullface": "up"  }
            }
        },
        {   "from": [  5, 20,  4.0 ],
            "to":   [ 11, 23,  4.5 ],
            "note": "first arm",
            "faces": {
                "south": { "uv": [ 10,  9,  16, 12 ], "texture": "#handle", "cullface": "up"  },
                "north": { "uv": [  5,  3,  11,  6 ], "texture": "#handle", "cullface": "up"  }
            }
        },
        {   "from": [  5.000, 20.000,  4.0 ],
            "to":   [ 11.000, 20.625,  4.5 ],
            "note": "arm piece",
            "faces": {
                "up":    { "uv": [  4,  0,   5,  1 ], "texture": "#handle", "cullface": "up"  },
                "down":  { "uv": [  4,  0,   5,  1 ], "texture": "#handle", "cullface": "up"  },
                "east":  { "uv": [  4,  0,   5,  1 ], "texture": "#handle", "cullface": "up"  },
                "west":  { "uv": [  4,  0,   5,  1 ], "texture": "#handle", "cullface": "up"  }
            }
        },
        {   "from": [  5.125, 20.625,  4.0 ],
            "to":   [ 10.875, 21.000,  4.5 ],
            "note": "arm piece",
            "faces": {
                "up":    { "uv": [  4,  0,   5,  1 ], "texture": "#handle", "cullface": "up"  },
                "east":  { "uv": [  4,  0,   5,  1 ], "texture": "#handle", "cullface": "up"  },
                "west":  { "uv": [  4,  0,   5,  1 ], "texture": "#handle", "cullface": "up"  }
            }
        },
        {   "from": [  5.250, 21.000,  4.0 ],
            "to":   [ 10.750, 21.375,  4.5 ],
            "note": "arm piece",
            "faces": {
                "up":    { "uv": [  4,  0,   5,  1 ], "texture": "#handle", "cullface": "up"  },
                "east":  { "uv": [  4,  0,   5,  1 ], "texture": "#handle", "cullface": "up"  },
                "west":  { "uv": [  4,  0,   5,  1 ], "texture": "#handle", "cullface": "up"  }
            }
        },
        {   "from": [  5.375, 21.375,  4.0 ],
            "to":   [ 10.625, 21.500,  4.5 ],
            "note": "arm piece",
            "faces": {
                "up":    { "uv": [  4,  0,   5,  1 ], "texture": "#handle", "cullface": "up"  },
                "east":  { "uv": [  4,  0,   5,  1 ], "texture": "#handle", "cullface": "up"  },
                "west":  { "uv": [  4,  0,   5,  1 ], "texture": "#handle", "cullface": "up"  }
            }
        },
        {   "from": [  5.500, 21.500,  4.0 ],
            "to":   [ 10.500, 21.750,  4.5 ],
            "note": "arm piece",
            "faces": {
                "up":    { "uv": [  4,  0,   5,  1 ], "texture": "#handle", "cullface": "up"  },
                "east":  { "uv": [  4,  0,   5,  1 ], "texture": "#handle", "cullface": "up"  },
                "west":  { "uv": [  4,  0,   5,  1 ], "texture": "#handle", "cullface": "up"  }
            }
        },
        {   "from": [  5.625, 21.750,  4.0 ],
            "to":   [ 10.375, 21.875,  4.5 ],
            "note": "arm piece",
            "faces": {
                "up":    { "uv": [  4,  0,   5,  1 ], "texture": "#handle", "cullface": "up"  },
                "east":  { "uv": [  4,  0,   5,  1 ], "texture": "#handle", "cullface": "up"  },
                "west":  { "uv": [  4,  0,   5,  1 ], "texture": "#handle", "cullface": "up"  }
            }
        },
        {   "from": [  5.750, 21.875,  4.0 ],
            "to":   [ 10.250, 22.000,  4.5 ],
            "note": "arm piece",
            "faces": {
                "up":    { "uv": [  4,  0,   5,  1 ], "texture": "#handle", "cullface": "up"  },
                "east":  { "uv": [  4,  0,   5,  1 ], "texture": "#handle", "cullface": "up"  },
                "west":  { "uv": [  4,  0,   5,  1 ], "texture": "#handle", "cullface": "up"  }
            }
        },
        {   "from": [  5.875, 22.000,  4.0 ],
            "to":   [ 10.125, 22.125,  4.5 ],
            "note": "arm piece",
            "faces": {
                "up":    { "uv": [  4,  0,   5,  1 ], "texture": "#handle", "cullface": "up"  },
                "east":  { "uv": [  4,  0,   5,  1 ], "texture": "#handle", "cullface": "up"  },
                "west":  { "uv": [  4,  0,   5,  1 ], "texture": "#handle", "cullface": "up"  }
            }
        },
        {   "from": [  6.000, 22.125,  4.0 ],
            "to":   [ 10.000, 22.250,  4.5 ],
            "note": "arm piece",
            "faces": {
                "up":    { "uv": [  4,  0,   5,  1 ], "texture": "#handle", "cullface": "up"  },
                "east":  { "uv": [  4,  0,   5,  1 ], "texture": "#handle", "cullface": "up"  },
                "west":  { "uv": [  4,  0,   5,  1 ], "texture": "#handle", "cullface": "up"  }
            }
        },
        {   "from": [  6.125, 22.250,  4.0 ],
            "to":   [  9.875, 22.375,  4.5 ],
            "note": "arm piece",
            "faces": {
                "up":    { "uv": [  4,  0,   5,  1 ], "texture": "#handle", "cullface": "up"  },
                "east":  { "uv": [  4,  0,   5,  1 ], "texture": "#handle", "cullface": "up"  },
                "west":  { "uv": [  4,  0,   5,  1 ], "texture": "#handle", "cullface": "up"  }
            }
        },
        {   "from": [  6.250, 22.375,  4.0 ],
            "to":   [  9.750, 22.500,  4.5 ],
            "note": "arm piece",
            "faces": {
                "up":    { "uv": [  4,  0,   5,  1 ], "texture": "#handle", "cullface": "up"  },
                "east":  { "uv": [  4,  0,   5,  1 ], "texture": "#handle", "cullface": "up"  },
                "west":  { "uv": [  4,  0,   5,  1 ], "texture": "#handle", "cullface": "up"  }
            }
        },
        {   "from": [  6.500, 22.500,  4.0 ],
            "to":   [  9.500, 22.625,  4.5 ],
            "note": "arm piece",
            "faces": {
                "up":    { "uv": [  4,  0,   5,  1 ], "texture": "#handle", "cullface": "up"  },
                "east":  { "uv": [  4,  0,   5,  1 ], "texture": "#handle", "cullface": "up"  },
                "west":  { "uv": [  4,  0,   5,  1 ], "texture": "#handle", "cullface": "up"  }
            }
        },
        {   "from": [  6.625, 22.625,  4.0 ],
            "to":   [  9.375, 22.750,  4.5 ],
            "note": "arm piece",
            "faces": {
                "up":    { "uv": [  4,  0,   5,  1 ], "texture": "#handle", "cullface": "up"  },
                "east":  { "uv": [  4,  0,   5,  1 ], "texture": "#handle", "cullface": "up"  },
                "west":  { "uv": [  4,  0,   5,  1 ], "texture": "#handle", "cullface": "up"  }
            }
        },
        {   "from": [  7.000, 22.750,  4.0 ],
            "to":   [  9.000, 22.875,  4.5 ],
            "note": "arm piece",
            "faces": {
                "up":    { "uv": [  4,  0,   5,  1 ], "texture": "#handle", "cullface": "up"  },
                "east":  { "uv": [  4,  0,   5,  1 ], "texture": "#handle", "cullface": "up"  },
                "west":  { "uv": [  4,  0,   5,  1 ], "texture": "#handle", "cullface": "up"  }
            }
        },
        {   "from": [  7.375, 22.875,  4.0 ],
            "to":   [  8.625, 23.000,  4.5 ],
            "note": "arm piece",
            "faces": {
                "up":    { "uv": [  4,  0,   5,  1 ], "texture": "#handle", "cullface": "up"  },
                "east":  { "uv": [  4,  0,   5,  1 ], "texture": "#handle", "cullface": "up"  },
                "west":  { "uv": [  4,  0,   5,  1 ], "texture": "#handle", "cullface": "up"  }
            }
        },
        {   "from": [  5, 20, 11.5 ],
            "to":   [ 11, 23, 12.0 ],
            "note": "second arm",
            "faces": {
                "north": { "uv": [ 10,  9,  16, 12 ], "texture": "#handle", "cullface": "up"  },
                "south": { "uv": [  5,  3,  11,  6 ], "texture": "#handle", "cullface": "up"  }
            }
        },
        {   "from": [  5.000, 20.000, 11.5 ],
            "to":   [ 11.000, 20.625, 12.0 ],
            "note": "arm piece",
            "faces": {
                "up":    { "uv": [  4,  0,   5,  1 ], "texture": "#handle", "cullface": "up"  },
                "down":  { "uv": [  4,  0,   5,  1 ], "texture": "#handle", "cullface": "up"  },
                "east":  { "uv": [  4,  0,   5,  1 ], "texture": "#handle", "cullface": "up"  },
                "west":  { "uv": [  4,  0,   5,  1 ], "texture": "#handle", "cullface": "up"  }
            }
        },
        {   "from": [  5.125, 20.625, 11.5 ],
            "to":   [ 10.875, 21.000, 12.0 ],
            "note": "arm piece",
            "faces": {
                "up":    { "uv": [  4,  0,   5,  1 ], "texture": "#handle", "cullface": "up"  },
                "east":  { "uv": [  4,  0,   5,  1 ], "texture": "#handle", "cullface": "up"  },
                "west":  { "uv": [  4,  0,   5,  1 ], "texture": "#handle", "cullface": "up"  }
            }
        },
        {   "from": [  5.250, 21.000, 11.5 ],
            "to":   [ 10.750, 21.375, 12.0 ],
            "note": "arm piece",
            "faces": {
                "up":    { "uv": [  4,  0,   5,  1 ], "texture": "#handle", "cullface": "up"  },
                "east":  { "uv": [  4,  0,   5,  1 ], "texture": "#handle", "cullface": "up"  },
                "west":  { "uv": [  4,  0,   5,  1 ], "texture": "#handle", "cullface": "up"  }
            }
        },
        {   "from": [  5.375, 21.375, 11.5 ],
            "to":   [ 10.625, 21.500, 12.0 ],
            "note": "arm piece",
            "faces": {
                "up":    { "uv": [  4,  0,   5,  1 ], "texture": "#handle", "cullface": "up"  },
                "east":  { "uv": [  4,  0,   5,  1 ], "texture": "#handle", "cullface": "up"  },
                "west":  { "uv": [  4,  0,   5,  1 ], "texture": "#handle", "cullface": "up"  }
            }
        },
        {   "from": [  5.500, 21.500, 11.5 ],
            "to":   [ 10.500, 21.750, 12.0 ],
            "note": "arm piece",
            "faces": {
                "up":    { "uv": [  4,  0,   5,  1 ], "texture": "#handle", "cullface": "up"  },
                "east":  { "uv": [  4,  0,   5,  1 ], "texture": "#handle", "cullface": "up"  },
                "west":  { "uv": [  4,  0,   5,  1 ], "texture": "#handle", "cullface": "up"  }
            }
        },
        {   "from": [  5.625, 21.750, 11.5 ],
            "to":   [ 10.375, 21.875, 12.0 ],
            "note": "arm piece",
            "faces": {
                "up":    { "uv": [  4,  0,   5,  1 ], "texture": "#handle", "cullface": "up"  },
                "east":  { "uv": [  4,  0,   5,  1 ], "texture": "#handle", "cullface": "up"  },
                "west":  { "uv": [  4,  0,   5,  1 ], "texture": "#handle", "cullface": "up"  }
            }
        },
        {   "from": [  5.750, 21.875, 11.5 ],
            "to":   [ 10.250, 22.000, 12.0 ],
            "note": "arm piece",
            "faces": {
                "up":    { "uv": [  4,  0,   5,  1 ], "texture": "#handle", "cullface": "up"  },
                "east":  { "uv": [  4,  0,   5,  1 ], "texture": "#handle", "cullface": "up"  },
                "west":  { "uv": [  4,  0,   5,  1 ], "texture": "#handle", "cullface": "up"  }
            }
        },
        {   "from": [  5.875, 22.000, 11.5 ],
            "to":   [ 10.125, 22.125, 12.0 ],
            "note": "arm piece",
            "faces": {
                "up":    { "uv": [  4,  0,   5,  1 ], "texture": "#handle", "cullface": "up"  },
                "east":  { "uv": [  4,  0,   5,  1 ], "texture": "#handle", "cullface": "up"  },
                "west":  { "uv": [  4,  0,   5,  1 ], "texture": "#handle", "cullface": "up"  }
            }
        },
        {   "from": [  6.000, 22.125, 11.5 ],
            "to":   [ 10.000, 22.250, 12.0 ],
            "note": "arm piece",
            "faces": {
                "up":    { "uv": [  4,  0,   5,  1 ], "texture": "#handle", "cullface": "up"  },
                "east":  { "uv": [  4,  0,   5,  1 ], "texture": "#handle", "cullface": "up"  },
                "west":  { "uv": [  4,  0,   5,  1 ], "texture": "#handle", "cullface": "up"  }
            }
        },
        {   "from": [  6.125, 22.250, 11.5 ],
            "to":   [  9.875, 22.375, 12.0 ],
            "note": "arm piece",
            "faces": {
                "up":    { "uv": [  4,  0,   5,  1 ], "texture": "#handle", "cullface": "up"  },
                "east":  { "uv": [  4,  0,   5,  1 ], "texture": "#handle", "cullface": "up"  },
                "west":  { "uv": [  4,  0,   5,  1 ], "texture": "#handle", "cullface": "up"  }
            }
        },
        {   "from": [  6.250, 22.375, 11.5 ],
            "to":   [  9.750, 22.500, 12.0 ],
            "note": "arm piece",
            "faces": {
                "up":    { "uv": [  4,  0,   5,  1 ], "texture": "#handle", "cullface": "up"  },
                "east":  { "uv": [  4,  0,   5,  1 ], "texture": "#handle", "cullface": "up"  },
                "west":  { "uv": [  4,  0,   5,  1 ], "texture": "#handle", "cullface": "up"  }
            }
        },
        {   "from": [  6.500, 22.500, 11.5 ],
            "to":   [  9.500, 22.625, 12.0 ],
            "note": "arm piece",
            "faces": {
                "up":    { "uv": [  4,  0,   5,  1 ], "texture": "#handle", "cullface": "up"  },
                "east":  { "uv": [  4,  0,   5,  1 ], "texture": "#handle", "cullface": "up"  },
                "west":  { "uv": [  4,  0,   5,  1 ], "texture": "#handle", "cullface": "up"  }
            }
        },
        {   "from": [  6.625, 22.625, 11.5 ],
            "to":   [  9.375, 22.750, 12.0 ],
            "note": "arm piece",
            "faces": {
                "up":    { "uv": [  4,  0,   5,  1 ], "texture": "#handle", "cullface": "up"  },
                "east":  { "uv": [  4,  0,   5,  1 ], "texture": "#handle", "cullface": "up"  },
                "west":  { "uv": [  4,  0,   5,  1 ], "texture": "#handle", "cullface": "up"  }
            }
        },
        {   "from": [  7.000, 22.750, 11.5 ],
            "to":   [  9.000, 22.875, 12.0 ],
            "note": "arm piece",
            "faces": {
                "up":    { "uv": [  4,  0,   5,  1 ], "texture": "#handle", "cullface": "up"  },
                "east":  { "uv": [  4,  0,   5,  1 ], "texture": "#handle", "cullface": "up"  },
                "west":  { "uv": [  4,  0,   5,  1 ], "texture": "#handle", "cullface": "up"  }
            }
        },
        {   "from": [  7.375, 22.875, 11.5 ],
            "to":   [  8.625, 23.000, 12.0 ],
            "note": "arm piece",
            "faces": {
                "up":    { "uv": [  4,  0,   5,  1 ], "texture": "#handle", "cullface": "up"  },
                "east":  { "uv": [  4,  0,   5,  1 ], "texture": "#handle", "cullface": "up"  },
                "west":  { "uv": [  4,  0,   5,  1 ], "texture": "#handle", "cullface": "up"  }
            }
        },
        {   "from": [  6.5,-16,  8.001 ],
            "to":   [  9.5,-12,  7.999 ],
            "faces": {
                "north": { "uv": [  3,  4,   0,  0 ], "texture": "#pommel", "cullface": "up"  },
                "south": { "uv": [  3,  4,   0,  0 ], "texture": "#pommel", "cullface": "up"  }
            }
        },
        {   "from": [  6.5,-16,  8.001 ],
            "to":   [  9.5,-12,  7.999 ],
            "rotation": {
                "origin": [8,8,8],
                "axis": "y",
                "angle": 45
            },
            "faces": {
                "north": { "uv": [  6,  4,   3,  0 ], "texture": "#pommel", "cullface": "up"  },
                "south": { "uv": [  6,  4,   3,  0 ], "texture": "#pommel", "cullface": "up"  }
            }
        },
        {   "from": [  8.001,-16,  6.5 ],
            "to":   [  7.999,-12,  9.5 ],
            "faces": {
                "east":  { "uv": [  3,  4,   0,  0 ], "texture": "#pommel", "cullface": "up"  },
                "west":  { "uv": [  3,  4,   0,  0 ], "texture": "#pommel", "cullface": "up"  }
            }
        },
        {   "from": [  8.001,-16,  6.5 ],
            "to":   [  7.999,-12,  9.5 ],
            "rotation": {
                "origin": [8,8,8],
                "axis": "y",
                "angle": 45
            },
            "faces": {
                "east":  { "uv": [  6,  4,   3,  0 ], "texture": "#pommel", "cullface": "up"  },
                "west":  { "uv": [  6,  4,   3,  0 ], "texture": "#pommel", "cullface": "up"  }
            }
        },
        {   "from": [  2, 21,  5 ],
            "to":   [ 14, 23, 11 ],
            "faces": {
                "up":    { "uv": [  6,  4,   3,  0 ], "texture": "#head", "cullface": "up"  },
                "down":  { "uv": [  6,  4,   3,  0 ], "texture": "#head", "cullface": "up"  },
                "north": { "uv": [  6,  4,   3,  0 ], "texture": "#head", "cullface": "up"  },
                "south": { "uv": [  6,  4,   3,  0 ], "texture": "#head", "cullface": "up"  },
                "east":  { "uv": [  6,  4,   3,  0 ], "texture": "#head", "cullface": "up"  },
                "west":  { "uv": [  6,  4,   3,  0 ], "texture": "#head", "cullface": "up"  }
            }
        },
        {   "from": [  2, 19,  7 ],
            "to":   [ 14, 25,  9 ],
            "faces": {
                "up":    { "uv": [  6,  4,   3,  0 ], "texture": "#head", "cullface": "up"  },
                "down":  { "uv": [  6,  4,   3,  0 ], "texture": "#head", "cullface": "up"  },
                "north": { "uv": [  6,  4,   3,  0 ], "texture": "#head", "cullface": "up"  },
                "south": { "uv": [  6,  4,   3,  0 ], "texture": "#head", "cullface": "up"  },
                "east":  { "uv": [  6,  4,   3,  0 ], "texture": "#head", "cullface": "up"  },
                "west":  { "uv": [  6,  4,   3,  0 ], "texture": "#head", "cullface": "up"  }
            }
        },
        {   "from": [  2, 20,  5.5 ],
            "to":   [ 14, 24, 10.5 ],
            "faces": {
                "up":    { "uv": [  6,  4,   3,  0 ], "texture": "#head", "cullface": "up"  },
                "down":  { "uv": [  6,  4,   3,  0 ], "texture": "#head", "cullface": "up"  },
                "north": { "uv": [  6,  4,   3,  0 ], "texture": "#head", "cullface": "up"  },
                "south": { "uv": [  6,  4,   3,  0 ], "texture": "#head", "cullface": "up"  },
                "east":  { "uv": [  6,  4,   3,  0 ], "texture": "#head", "cullface": "up"  },
                "west":  { "uv": [  6,  4,   3,  0 ], "texture": "#head", "cullface": "up"  }
            }
        },
        {   "from": [  2, 19.5,  6 ],
            "to":   [ 14, 24.5, 10 ],
            "faces": {
                "up":    { "uv": [  6,  4,   3,  0 ], "texture": "#head", "cullface": "up"  },
                "down":  { "uv": [  6,  4,   3,  0 ], "texture": "#head", "cullface": "up"  },
                "north": { "uv": [  6,  4,   3,  0 ], "texture": "#head", "cullface": "up"  },
                "south": { "uv": [  6,  4,   3,  0 ], "texture": "#head", "cullface": "up"  },
                "east":  { "uv": [  6,  4,   3,  0 ], "texture": "#head", "cullface": "up"  },
                "west":  { "uv": [  6,  4,   3,  0 ], "texture": "#head", "cullface": "up"  }
            }
        },
        {   "from": [  1, 20,  6 ],
            "to":   [ 15, 24, 10 ],
            "faces": {
                "up":    { "uv": [  6,  4,   3,  0 ], "texture": "#head", "cullface": "up"  },
                "down":  { "uv": [  6,  4,   3,  0 ], "texture": "#head", "cullface": "up"  },
                "north": { "uv": [  6,  4,   3,  0 ], "texture": "#head", "cullface": "up"  },
                "south": { "uv": [  6,  4,   3,  0 ], "texture": "#head", "cullface": "up"  },
                "east":  { "uv": [  6,  4,   3,  0 ], "texture": "#head", "cullface": "up"  },
                "west":  { "uv": [  6,  4,   3,  0 ], "texture": "#head", "cullface": "up"  }
            }
        },
        {   "from": [  1, 19.5,  7 ],
            "to":   [ 15, 24.5,  9 ],
            "faces": {
                "up":    { "uv": [  6,  4,   3,  0 ], "texture": "#head", "cullface": "up"  },
                "down":  { "uv": [  6,  4,   3,  0 ], "texture": "#head", "cullface": "up"  },
                "north": { "uv": [  6,  4,   3,  0 ], "texture": "#head", "cullface": "up"  },
                "south": { "uv": [  6,  4,   3,  0 ], "texture": "#head", "cullface": "up"  },
                "east":  { "uv": [  6,  4,   3,  0 ], "texture": "#head", "cullface": "up"  },
                "west":  { "uv": [  6,  4,   3,  0 ], "texture": "#head", "cullface": "up"  }
            }
        },
        {   "from": [  1, 21,  5.5 ],
            "to":   [ 15, 23, 10.5 ],
            "faces": {
                "up":    { "uv": [  6,  4,   3,  0 ], "texture": "#head", "cullface": "up"  },
                "down":  { "uv": [  6,  4,   3,  0 ], "texture": "#head", "cullface": "up"  },
                "north": { "uv": [  6,  4,   3,  0 ], "texture": "#head", "cullface": "up"  },
                "south": { "uv": [  6,  4,   3,  0 ], "texture": "#head", "cullface": "up"  },
                "east":  { "uv": [  6,  4,   3,  0 ], "texture": "#head", "cullface": "up"  },
                "west":  { "uv": [  6,  4,   3,  0 ], "texture": "#head", "cullface": "up"  }
            }
        },
        {   "from": [  0, 20.5,  6.5 ],
            "to":   [ 16, 23.5,  9.5 ],
            "faces": {
                "up":    { "uv": [  6,  4,   3,  0 ], "texture": "#head", "cullface": "up"  },
                "down":  { "uv": [  6,  4,   3,  0 ], "texture": "#head", "cullface": "up"  },
                "north": { "uv": [  6,  4,   3,  0 ], "texture": "#head", "cullface": "up"  },
                "south": { "uv": [  6,  4,   3,  0 ], "texture": "#head", "cullface": "up"  },
                "east":  { "uv": [  6,  4,   3,  0 ], "texture": "#head", "cullface": "up"  },
                "west":  { "uv": [  6,  4,   3,  0 ], "texture": "#head", "cullface": "up"  }
            }
        },
        {   "from": [  0, 20,  7 ],
            "to":   [ 16, 24,  9 ],
            "faces": {
                "up":    { "uv": [  6,  4,   3,  0 ], "texture": "#head", "cullface": "up"  },
                "down":  { "uv": [  6,  4,   3,  0 ], "texture": "#head", "cullface": "up"  },
                "north": { "uv": [  6,  4,   3,  0 ], "texture": "#head", "cullface": "up"  },
                "south": { "uv": [  6,  4,   3,  0 ], "texture": "#head", "cullface": "up"  },
                "east":  { "uv": [  6,  4,   3,  0 ], "texture": "#head", "cullface": "up"  },
                "west":  { "uv": [  6,  4,   3,  0 ], "texture": "#head", "cullface": "up"  }
            }
        },
        {   "from": [  0, 21,  6 ],
            "to":   [ 16, 23, 10 ],
            "faces": {
                "up":    { "uv": [  6,  4,   3,  0 ], "texture": "#head", "cullface": "up"  },
                "down":  { "uv": [  6,  4,   3,  0 ], "texture": "#head", "cullface": "up"  },
                "north": { "uv": [  6,  4,   3,  0 ], "texture": "#head", "cullface": "up"  },
                "south": { "uv": [  6,  4,   3,  0 ], "texture": "#head", "cullface": "up"  },
                "east":  { "uv": [  6,  4,   3,  0 ], "texture": "#head", "cullface": "up"  },
                "west":  { "uv": [  6,  4,   3,  0 ], "texture": "#head", "cullface": "up"  }
            }
        },
        {   "from": [ -1, 21,  7 ],
            "to":   [ 17, 23,  9 ],
            "faces": {
                "up":    { "uv": [  6,  4,   3,  0 ], "texture": "#head", "cullface": "up"  },
                "down":  { "uv": [  6,  4,   3,  0 ], "texture": "#head", "cullface": "up"  },
                "north": { "uv": [  6,  4,   3,  0 ], "texture": "#head", "cullface": "up"  },
                "south": { "uv": [  6,  4,   3,  0 ], "texture": "#head", "cullface": "up"  },
                "east":  { "uv": [  6,  4,   3,  0 ], "texture": "#head", "cullface": "up"  },
                "west":  { "uv": [  6,  4,   3,  0 ], "texture": "#head", "cullface": "up"  }
            }
        },
        {   "from": [ -0.5, 20.5,  7 ],
            "to":   [ 16.5, 23.5,  9 ],
            "faces": {
                "up":    { "uv": [  6,  4,   3,  0 ], "texture": "#head", "cullface": "up"  },
                "down":  { "uv": [  6,  4,   3,  0 ], "texture": "#head", "cullface": "up"  },
                "north": { "uv": [  6,  4,   3,  0 ], "texture": "#head", "cullface": "up"  },
                "south": { "uv": [  6,  4,   3,  0 ], "texture": "#head", "cullface": "up"  },
                "east":  { "uv": [  6,  4,   3,  0 ], "texture": "#head", "cullface": "up"  },
                "west":  { "uv": [  6,  4,   3,  0 ], "texture": "#head", "cullface": "up"  }
            }
        },
        {   "from": [ -0.5, 21,  6.5 ],
            "to":   [ 16.5, 23,  9.5 ],
            "faces": {
                "up":    { "uv": [  6,  4,   3,  0 ], "texture": "#head", "cullface": "up"  },
                "down":  { "uv": [  6,  4,   3,  0 ], "texture": "#head", "cullface": "up"  },
                "north": { "uv": [  6,  4,   3,  0 ], "texture": "#head", "cullface": "up"  },
                "south": { "uv": [  6,  4,   3,  0 ], "texture": "#head", "cullface": "up"  },
                "east":  { "uv": [  6,  4,   3,  0 ], "texture": "#head", "cullface": "up"  },
                "west":  { "uv": [  6,  4,   3,  0 ], "texture": "#head", "cullface": "up"  }
            }
        },
        {   "from": [  0, 25.50,  7.5 ],
            "to":   [  3, 25.75,  8.5 ],
            "rotation": {
                "origin": [8,22,8],
                "axis": "x",
                "angle": -45
            },
            "faces": {
                "up":    { "uv": [  6,  4,   3,  0 ], "texture": "#head", "cullface": "up"  },
                "down":  { "uv": [  6,  4,   3,  0 ], "texture": "#head", "cullface": "up"  },
                "north": { "uv": [  6,  4,   3,  0 ], "texture": "#head", "cullface": "up"  },
                "south": { "uv": [  6,  4,   3,  0 ], "texture": "#head", "cullface": "up"  },
                "east":  { "uv": [  6,  4,   3,  0 ], "texture": "#head", "cullface": "up"  },
                "west":  { "uv": [  6,  4,   3,  0 ], "texture": "#head", "cullface": "up"  }
            }
        },
        {   "from": [ 13, 25.50,  6.5 ],
            "to":   [ 15, 25.75,  7.5 ],
            "rotation": {
                "origin": [13.5,22,8],
                "axis": "z",
                "angle": -45
            },
            "faces": {
                "up":    { "uv": [  6,  4,   3,  0 ], "texture": "#head", "cullface": "up"  },
                "down":  { "uv": [  6,  4,   3,  0 ], "texture": "#head", "cullface": "up"  },
                "north": { "uv": [  6,  4,   3,  0 ], "texture": "#head", "cullface": "up"  },
                "south": { "uv": [  6,  4,   3,  0 ], "texture": "#head", "cullface": "up"  },
                "east":  { "uv": [  6,  4,   3,  0 ], "texture": "#head", "cullface": "up"  },
                "west":  { "uv": [  6,  4,   3,  0 ], "texture": "#head", "cullface": "up"  }
            }
        },
        {   "from": [ 13, 18.25,  7.5 ],
            "to":   [ 15, 18.50,  8.5 ],
            "rotation": {
                "origin": [13.5,22,8],
                "axis": "z",
                "angle": 45
            },
            "faces": {
                "up":    { "uv": [  6,  4,   3,  0 ], "texture": "#head", "cullface": "up"  },
                "down":  { "uv": [  6,  4,   3,  0 ], "texture": "#head", "cullface": "up"  },
                "north": { "uv": [  6,  4,   3,  0 ], "texture": "#head", "cullface": "up"  },
                "south": { "uv": [  6,  4,   3,  0 ], "texture": "#head", "cullface": "up"  },
                "east":  { "uv": [  6,  4,   3,  0 ], "texture": "#head", "cullface": "up"  },
                "west":  { "uv": [  6,  4,   3,  0 ], "texture": "#head", "cullface": "up"  }
            }
        },
        {   "from": [ 15.5, 19.00,  7.75 ],
            "to":   [ 17.0, 19.25,  8.25 ],
            "rotation": {
                "origin": [13.5,22,8],
                "axis": "x",
                "angle": 45
            },
            "faces": {
                "up":    { "uv": [  6,  4,   3,  0 ], "texture": "#head", "cullface": "up"  },
                "down":  { "uv": [  6,  4,   3,  0 ], "texture": "#head", "cullface": "up"  },
                "north": { "uv": [  6,  4,   3,  0 ], "texture": "#head", "cullface": "up"  },
                "south": { "uv": [  6,  4,   3,  0 ], "texture": "#head", "cullface": "up"  },
                "east":  { "uv": [  6,  4,   3,  0 ], "texture": "#head", "cullface": "up"  },
                "west":  { "uv": [  6,  4,   3,  0 ], "texture": "#head", "cullface": "up"  }
            }
        }
    ]
}