{
    "textures": {
        "all": "item/cloaking_field",
        "particle": "item/cloaking_field"
    },
    "display": {
        "head": {
            "rotation": [ 0, 90, 0 ],
            "translation": [ 0, -30.4, 0],
            "scale": [ 1.6, 1.6, 1.6 ]
        },
        "gui": {
            "rotation": [ 0, 0, 0 ],
            "translation": [ 0, 0, 0],
            "scale": [ 1, 1, 1 ]
        },
        "ground": {
            "rotation": [ 0, 0, 0 ],
            "translation": [ 0, 0, 0],
            "scale": [ 4.0, 4.0, 4.0 ]
        },
        "fixed": {
            "rotation": [ 0, 0, 0 ],
            "translation": [ 0, 16, 50],
            "scale":[ 2.0, 4.0, 2.0 ]
        },
        "thirdperson_righthand": {
            "rotation": [ 0, 0, 0 ],
            "translation": [ 0, 0, 0],
            "scale": [ 4.0, 4.0, 4.0 ]
        },
        "firstperson_righthand": {
            "rotation": [ 0, 0, 0 ],
            "translation": [ 0, 0, 0],
            "scale": [ 4.0, 4.0, 4.0 ]
        },
        "firstperson_lefthand": {
            "rotation": [ 0, 0, 0 ],
            "translation": [ 0, 0, 0],
            "scale": [ 4.0, 4.0, 4.0 ]
        }
    },
    "elements": [
        {   "from": [   0,  0,  0 ],
            "to":   [  16, 16, 16 ],
            "faces": {
                "down":  { "uv": [  0,  0,  16, 16 ], "texture": "#all", "cullface": "down" },
                "up":    { "uv": [  0,  0,  16, 16 ], "texture": "#all", "cullface": "up" },
                "north": { "uv": [  0,  0,  16, 16 ], "texture": "#all", "cullface": "north" },
                "south": { "uv": [  0,  0,  16, 16 ], "texture": "#all", "cullface": "south" },
                "west":  { "uv": [  0,  0,  16, 16 ], "texture": "#all", "cullface": "west" },
                "east":  { "uv": [  0,  0,  16, 16 ], "texture": "#all", "cullface": "east" }
            }
        }
    ]
}
